qid,query
1,로마의 면적은 서울시의 2배인가요
3,철학적 자연주의의 이론이 처음으로 등장한 것은 언제인가요
5,오대호의 크기는
6,히틀러는 몇 년도에 사망했는가
7,임진왜란은 언제 끝나나요
8,중화인민공화국의 수도는 어디인가요
9,최초의 원자력 발전소는 무엇인가
11,한국 전쟁은 언제 일어났나요
15,페르시아인은 이란계인가요
16,오버워치 출시일은 언제인가요
19,제2차 세계 대전은 언제 발발했나요
20,이순신의 고향은 어디인가
22,케냐의 수도는 어디인가
25,항생제를 발명한 사람은 누구인가
26,도요토미 히데요시는 몇 년도에 죽었는가
27,리투아니아는 발트 3국 가운데 가장 인구가 넓나요
32,워싱턴 기념탑은 몇피트인가요
33,오사마 빈라덴을 제거한 조직은 어디인가
34,한글의 원래 이름은 무엇인가요
38,아인슈타인은 어느 대학교 출신인가요
41,히틀러는 언제 죽었나
42,독점규제법에서는 누구든지 직접 또는 특수관계인을 통하여 다른 회사와의 합병을 함으로써 일정한 거래분야에서 경쟁을 실질적으로 제한하는 행위를 제한하나요
43,파리는 프랑스의 경제 중심지인가요
44,양산시는 경상남도에 속해있나요
46,추석은 음력으로 몇월 몇일인가
47,유대인 학살을 한 이유는 무엇인가
50,세계 최초 컴퓨터 백신을 만든 기업은 어디인가
52,대한민국의 평균 기온은 얼마인가요
53,2012년 프랑스 대통령은 누구인가요
55,세상에서 가장 큰 고래는 무엇인가
56,일제 강점기는 언제 끝나나요
59,사람의 몸에는 몇 개의 뼈가 있는가
60,가톨릭 교회의 4대 교리는 무엇인가요
62,영화 2012 제작 감독은 누구인가요
64,제 19대 왕 숙종의 아버지는 누구인가요
67,e스포츠란
69,미국에서 가장 높은 산은 무엇인가
70,세종특별자치시의 행정구역은 어떻게 되나요
71,돼지의 번식은 태어난 지 몇개월 정도 되면 짝짓기를 할 수 있나요
72,영양실조의 증상은
73,삼위일체란 무엇인가
74,일본이 한국을 침략한 날은 언제인가
75,신라는 언제 멸망했나요
77,베를린 장벽이 세워진 때는 언제인가
82,고조선은 언제 무너졌는가
83,2차 세계 대전에 참전했던 동아시아 국가는 무엇인가
85,한국의 국민당은 언제 창당했나요
86,제 2차 세계대전은 언제 발생했나요
90,세상에서 가장 큰 전쟁은 무엇인가
96,헐리우드는 어느 지역에 있는가
98,일본이 침략전쟁을 일으킨 이유는 무엇인가
99,매년 일정한 시기에 행하는 감사를 뭐라고 하나요
102,소크라테스는 어느 나라 사람인가
103,정윤회는 언제 고등학교를 졸업하였나요
104,이탈리아의 최초 대학은 어디인가요
108,남아메리카 대륙에는 몇 개국이 속해있는가
109,오페스의 리드 보컬은 누구인가요
110,멕시코의 수도는 어디인가요
113,교토는 일본의 역사적인 도시인가요
115,아일랜드 수도는 어디인가요
118,금속결합은 금속에 고르게 퍼져있는 전자와 이온들 간의 전기적인 인력인가요
120,홍콩은 언제 중국에 반환되었나요
122,지구상 핵 폭탄을 보유한 국가는 몇 개국인가
123,초한지에서의 주인공은 누구인가
124,조선민주주의인민공화국은 언제 세워졌나요
128,미토콘드리아는 자체적인 유전물질을 가지고 있나요
129,미국의 대통령은 몇 년을 임기로 하는가
131,유럽연맹에는 몇 개국이 있는가
133,고려의 초대 왕은 누구인가
134,메카에서 가장 높은 호텔은
135,허리케인의 최대 풍속은 얼마나 되나요
136,스페인의 정식 국명은 무엇인가요
137,조조의 아들의 이름은
139,진화론에 따르면 인간의 조상은 누구인가
140,에도 막부 시대는 언제부터 시작되었는가
141,조선 건국일은 언제인가요
143,16세기 이탈리아의 신학자인 조르다노 부르노(코페르니쿠스의 태양중심설을 옹호했음)는 붙박이별들은 태양과 비슷하며 그 주위는 우리 태양계처럼 행성들이 돌고 있다고 주장했나요
144,도미니카 공화국의 수도는 어디인가요
147,신라는 왜 멸망하게 되었나요
149,조수미의 고향은 어디인가
150,DNA는 이중나선 구조로 되어 있나요
151,조조는 어느 나라 사람인가
152,한국의 박정희 대통령은 언제 죽었나요
153,로어노크는 어느 나라의 지역인가
158,전두환은 언제 정권을 잡았는가
161,서울특별시의 유형문화재 제4호는 무엇인가요
165,간디는 언제 태어났나요
168,남북한 전쟁 당시 북한의 지도자는 누구인가
169,르네상스는 언제 시작되었는가
170,조선은 왜 기독교를 탄압하였는가
171,필리핀에는 몇개의 섬이 있나요
172,한국의 수도는 어딘가요
173,러시안 룰렛은 2명이 하는 게임인가요
174,"근삿값에 대한 오차의 절댓값이 어떤 값 이하일 때, 그 값을 근삿값에 대한 오차의 한계라고 하나요"
176,군주제란 무엇인가
177,식물은 광합성을 하나요
179,대한민국은 언제 독립하였는가
181,질량의 단위는 SI 단위계에서 킬로그램(kg)인가요
185,십자군 전쟁은 언제 일어났는가
186,조선은 일본의 통치를 몇 년간 받았나
188,미국 남북 전쟁은 언제 일어났는가
190,성모 마리아의 남편은 누구인가
196,스페인의 현재 국왕은 누구인가요
197,생물 분류학이란 무엇인가
198,뉴저지주는 언제 합중국으로 가입하였나요
203,반가톨릭주의란
204,원자의 정의는 무엇인가
206,한국의 IMF는 몇 년도에 시작되었는가
207,베를린은 어느 나라의 도시인가
208,독재란 무엇인가
210,에드먼드 핼리의 생일은 언제인가요
213,체르노빌 사건은 언제 발생했는가
214,프랑스 공화국 수도는 어디인가요
216,태양은 지구의 몇 배 크기인가
217,한라산의 높이는 얼마나 되나요
218,명왕성의 공전 주기는 얼마인가
220,탁구의 룰은 무엇인가
221,한글이 창제된 년도는 언제인가
223,발해는 몇 년도에 멸망했는가
224,박정희는 한국에 몇 대 대통령인가요
225,신라는 언제 건국 되었나요
226,"가톨릭 신자들은 모든 주일 (그리스도교)과 더불어 의무 대축일에 해당하는 천주의 성모 마리아 대축일(1월 1일), 주님 부활 대축일, 성모 승천 대축일(8월 15일), 주님 성탄 대축일(12월 25일)에 미사에 참례해야 하는 것이 기본적인 의무가 있나요"
227,덴마크의 수도는 어디인가요
229,움직임 보상(영어 Motion Compensation)은 대부분의 동영상 압축 기술들에서 사용하고 있는 기술이다. 현재의 영상을 부호화 하기 위하여 기존에 부호화 된 영상의 영역을 가져와서 예측을 하도록 하는 것이 주 목적인가요
230,김영삼 대통령은 몇 번째 대통령인가
235,네덜란드의 수도는 어디인가요
236,독일이 전쟁을 일으킨 이유는 무엇인가
238,한국은 분단국가인가
240,햄릿의 배경은 어느 나라인가요
241,몽골은 중화민국으로부터 언제 독립했나요
244,아르미나스 나르베코바스의 출생일은 언제인가요
245,인도는 핵무기를 가지고 있는가
251,기동전사 건담 방송사는 어디인가요
253,니체는 어느 나라 사람인가
254,홈즈의 유일한 친구는 누구인가요
255,영국의 수도는
256,45RPM의 데뷔 소속사는 어디인가
259,종교의 라틴어 어원은 무엇인가요
260,심리극의 창시자는 유대인의 후손인가요
261,리튬이온전지 충전시 리튬이온이 양극에서 음극으로 다시 이동하여 제자리를 찾게 되나요
262,신천지는 언제 시작되었는가
265,조선이 사라진 년도는 언제인가
266,미국에서 가장 넓은 주는 무엇인가
267,인간은 언제 달에 착륙했는가
273,중성자는 무엇인가
275,고대 이집트 문명은 언제부터 시작되었나요
279,암사자들은 임신하지 않는 이상 거의 매달 2~3일간 발정하나요
280,르네상스는 무엇인가
286,산스크리트어는 인도의 고전어인가요
288,미토콘드리아의 내막은 구불구불 접혀져 있나요
290,김포는 어느 도에 있는 도시인가
291,한국 법률상의 친족 사이에서는 혼인이 금지되나요
293,프랑스의 수도는 어디인가요
295,모차르트는 언제 태어났나요
296,서유기는 어느 나라 시기의 장편 소설인가요
297,노아는 이스라엘과 아랍의 전설에 등장하는 인물인가요
301,이슬람을 믿는 신자가 여자일 경우 뭐라고 불리나요
302,스코틀랜드에는 영국 의회의 하원 의석 가운데 72석이 할당되어 있나요
304,최초 로봇의 이름은 무엇인가요
307,시카고는 미국 어디에 속해있는 주인가요
308,코로나란 무엇인가
310,렘 수면의 양은 나이와 관련되나요
312,힐러리 클린턴의 정당은 무엇인가요
315,유럽은 총 몇 개의 국가가 속해있는가
319,베트남 전쟁은 언제 끝났는가
320,맥스 페인 개발사는 어디인가요
322,동성결혼을 최초로 허용한 나라는 어디인가
323,인도네시아의 수도는 어디인가
324,덴마크에서 사용되는 화폐는 무엇인가
326,한자어 우주의 대표적인 출처는 어디인가요
330,미국에는 총 몇개의 주가 있나요
331,볼리비아의 수도는 어디인가
333,마이크로소프트 본사는 어디에 있는가
335,캐나다에서 가장 큰 주는 어디인가
336,백강전투에서 누가 승리했나요
338,박정희는 몇 번째 대통령인가
339,캐나다는 몇 개의 주로 이루어져있는가
340,누가 해리포터 책을 쓰니
342,모빌슈트의 뜻은 무엇인가요
343,과학의 아버지는 누구인가요
345,동성 결혼이 합법인 나라는 몇 개국인가
348,미시간호의 크기는
350,반지의 제왕 장르는 무엇인가요
351,성리학을 집대성한 사람은 누구인가요
353,무슬림의 메카는 어디인가
354,함수란
357,일본이 임진왜란을 일으킨 때는 몇년도인가
359,대한민국이라는 명칭은 언제부터 사용되어졌나요
361,일본의 15대 천황은 누구인가요
362,임진왜란은 언제 일어났는가
365,스쿠버 다이빙 잠수 가능 깊이는 최대 몇미터인가요
367,볼프강 아마데우스 모차르트는 누구인가
368,히틀러는 몇 년도에 죽었는가
370,소닉을 출시한 게임사는 어디인가
371,일제 강점기는 언제 시작되었나요
374,"영국의 에드먼드 핼리가 핼리 혜성의 주기를 계산, 다음 출현을 예견함으로써 태양계의 천체임을 입증하였나요"
375,총리대신 이완용은 고종에게 순종의 황제 대리청정을 진언하였나요
379,워마드의 사이트 관리자는 누구인가
380,예수님의 제자는 몇 명이였는가
381,동양에서는 경제가 ‘경세제민(經世濟民)’의 약자인가요
383,나폴레옹 1세는 언제 사망하나요
385,독일은언제 통일되었는가
386,초단파란
387,거울상 이성질체는 원자의 부분적인 배치에 의해서 명명될 수도 있나요
388,스코틀랜드는 유럽 연합에서 가장 많은 석유가 매장되어 있는 곳인가요
390,태국의 수도는 어디인가
392,자유의여신상은 어디에 있는가
393,일본의 초대 천황은 누구인가
394,파시즘이란
397,한국에서 화폐를 만드는 은행은 어디인가
402,모든 신경 세포는 전기적인 흥분성을 띄나요
404,민주주의란 무엇인가
406,나이지리아의 수도는 어디인가요
407,지구상에서 가장 큰 대륙은 어디인가
408,독점규제법에서는 직접 또는 특수 관계인을 통하여 다른 회사의 영업의 전부 또는 주요 부분을 양수함으로써 일정한 거래분야에서 경쟁을 실질적으로 제한하는 행위를 규제하나요
410,한글은 누가 만들었나요
413,한국에는 몇 개의 국제공항이 있는가
414,스웨덴의 국가는 무엇인가요
415,이순신 장군은 몇 년도에 사망했는가
420,기독교의 시작이 된 나라는 어디인가
424,나폴레옹은 몇 년도에 죽었는가
428,반환 지향 프로그래밍은 스택 스매싱의 진화된 버전인가요
429,센고쿠 시대는 언제 시작되었는가
432,첫 번째 카메라는 언제 발명되었는가
435,언어장애인은 어떻게 얘기하나
441,덴마크의 수도는 어디인가
442,비올라와 바이올린의 차이점은 무엇인가
443,2차 세계 대전 당시 미국의 대통령은 누구인가
444,중국의 만리장성은 언제 만들어졌나요
445,김대중 대통령은 몇 대 대통령인가
446,피에르 플랑타르는 귀족가문에서 태어났나요
447,이스라엘의 수도는 어딘가요
449,서울시의 크기는
453,대폭발은 우주의 처음을 설명하는 우주론 모형인가요
455,스코틀랜드 수도는 어디인가요
457,2018년 중국에서 가장 높은 건물은 무엇인가
461,브리튼 제도 또는 영국 제도(British Isles)는 유럽의 서쪽에 자리잡은 그레이트브리튼섬과 아일랜드섬을 비롯한 주위의 여러 작은 섬으로 이루어진 제도인가요
463,한국의 초대 대통령은 누구인가
464,빛의 속도를 처음 측정한 사람은 누구인가
465,빌 게이츠는 어느나라 사람인가
466,지구와 달의 거리는 얼마인가
469,복한의 수도는 어디인가
472,한국에서 다섯번째로 많은 성씨는 무엇인가
473,합성생명과학과 비슷한 분야는 무엇인가요
476,셀룰로오스는 펄프의 주성분인가요
477,나치의 지도자는 누구인가
479,로마는 어떤 나라의 수도인가요
488,아멘은 무슨 뜻인가
490,로저 베이컨 출신대학은 어디인가요
491,아르헨티나 수도는 어디인가요
492,토론토는 어느 주에 있는 도시인가
495,세상에서 가장 GDP가 높은 도시는 어디인가
497,필리핀은 몇 개의 섬으로 이루어진 나라인가
498,서울에서 가장 높은 건물은 무엇인가
499,상대성 이론을 제창한 사람은 누구인가요
500,이집트 수도는 어딘가요
501,미국에 몇개의 주가 있는가
505,세종대왕이 한글을 창제한 년도는 언제인가
506,PowerVR 칩셋은 3D 처리에 타일 기반 지연된 렌더링을 사용하나요
508,달에 처음 도착한 사람은 누구인가
509,제 200대 교황은 누구인가요
511,군중 십자군은 언제 일어났나요
512,점성술은 영어로 뭐라고 쓰나요
513,고려는 언제 멸망하였는가
514,뉴턴은 언제 사망하였는가
515,나폴레옹은 언제 황제로 즉위하나요
516,뉴멕시코 주 주도는 어디인가요
519,일본의 초대 천황은 누구인가요
520,성경은 무슨 언어로 쓰여졌는가
521,손빈병법은 손빈이 저작한 병법인가요
522,대한민국의 국가는 무엇인가요
525,지구상에 가장 큰 대륙은 어디인가
526,이탈리아의 초대 대통령은 누구인가
527,아돌프 히틀러의 생일은 언제인가요
529,채권관계에서 채무를 지는 사람을 채무자라고 하나요
530,미국의 현재 대통령은 누구인가요
531,우라늄의 반감기는 무엇인가
533,성경은 몇 개국어로 번역되었는가
534,쇼와 시대는 언제부터 언제까지인가요
535,브라질의 수도는 어디인가
536,날다람쥐가 날 수 있을까
537,언제 베이트슨은 멘델의 유전법칙을 재발견 하였나요
539,임진왜란 당시 이순신 장군이 이끌었던 배의 이름은 무엇인가
540,이집트에 있는 스케티스 계곡(현재는 와디 엘 나트룬으로 알려짐)은 리비아 사막에서 얼마나 떨어져 있나요
542,쇼와 시대는 20세기 일본의 연호의 하나인가요
543,지진 발생 장소를 무엇이라고 하나요
544,이탈리아의 수도는 어디인가요
545,창세기는 구약으로는 모세오경 첫 번째 권에 해당하나요
548,유언에 관하여는 제5조[미성년자의 능력]. 제10조[피성년후견인의 행위와 취소] 및 제13조[피한정후견인의 행위와 동의]를 적용하지 아니한다는 한국 법률 몇조에 적혀져 있나요
549,이성계가 건국한 나라는 어디인가
556,미시시피 강의 길이는
560,한국 전쟁은 언제 발발했나요
562,조선의 두번째 왕은 누구인가요
563,일본의 2대 천황은 누구인가
565,IMF는 언제 끝났나
567,마케도니아의 수도는 어디인가
568,한국에서는 국민개병제도에 따라 징병을 실시하고 있나요
569,도요토미 히데요시는 언제 죽었는가
571,노무현 대통령은 몇 대 대통령인가
572,지구의 대기권은 기체층으로 지표에서 고도 약 1000 km까지 존재하나요
576,이탈리아 수도는 어딘가요
577,오픈스택은 우분투와 레드햇 배포판에 포함되어 있나요
580,모로코의 현재 국왕은 누구인가요
581,"영어의 카메라라는 말은 카메라 옵스큐라(Camera obscura, 라틴어로 어두운 방을 뜻함)에서 온 용어인가요"
582,통일을 독일은 언제 이루었나요
583,지구상에는 몇 개의 대륙이 있는가
585,헤이안 시대는 언제부터 시작되었나요
587,대구의 시청은 어디있나요
588,베드로는 예수를 대신하여 교회의 새로운 지도자가 되었나요
589,영의정은 정 1품에 해당하는 관직인가요
590,주식회사는 주식으로 세분화된 일정한 자본을 가진 회사를 말하나요
592,독일은 독소 불가침 조약을 파기하고 소련을 침공한 때는 언제인가요
593,유로화 도입일은 언제인가요
594,당나라는 언제 멸망했는가
595,노태우의 본관은 어디인가요
599,한국인 최초로 발견되 HIV 감염자는 현재 몇일째 살아있나요
600,한국 최초로 지어진 사찰은 무엇인가
602,달에 가장 먼저 간 사람은 누구인가
603,매부리바다거북의 주식은 무엇인가
604,조선의 제16대 임금은 누구인가요
605,하와이주는 총 몇개의 섬으로 구성되어 있나요
607,C언어 설계자는 누구인가요
609,파리는 어디에 위치해 있나요
610,축구가 유래된 국가는 어디인가
611,벨기에의 수도는 어디인가
614,최초의 항생제를 발명한 사람은 누구인가
615,"가톨릭교회의 4대 교리는 천주존재(天主存在), 삼위일체(三位一體), 상선벌악(賞善罰惡), 강생구속(降生救贖)인가요"
617,아즈망가 대왕 애니메이션 작가는 누구인가요
618,광주 민주화 운동 당시 한국의 지도자는 누구인가
619,대한민국의 첫번째 대학교는 무엇인가요
620,디젤 기관은 압축점화기관형태인가요
621,울산은 언제 광역시가 되었는가
622,최초의 월드컵 개최국은 어디인가
623,인류 역사상 가장 처음 출시된 자동차는 무엇인가
626,그랜드캐니언을 국립공원으로 지정한 해는 언제인가
627,아스카 시대라고 하는 시대 구분은 원래 어디에서 사용하기 시작한 말인가요
628,중화인민공화국 수도는 어디인가
632,인도에서 가장 긴 해변은
633,한국 축구 협회 이름은 무엇인가요
637,촉매 활성을 개선하는 화학종을 공촉매라고 하나요
638,네덜란드의  수도는 어디인가
640,워싱턴 D.C는 언제 수도로 지정되었는가
641,중국의 초대 주석은 누구인가
643,플레이스테이션을 제작한 회사는 어디인가요
645,인천상륙작전을 지휘한 사람은 누구인가
648,흑인의 노예제도가 폐지된 때는 언제인가
649,위버링겐 상공 공중 충돌사고의 발생원인은 무엇인가요
650,1906 년 조지 레버 웨일랜드가 닳고 연마된 석영 자갈이 플레시오사우루스와 용각류 공룡과 함께 발견된 것을 보고하고 이 돌을을 위석으로 해석하였나요
651,지구에서 달의 거리는 무엇인가요
654,독일의 수도는 어디인가요
658,광해군은 언제 왕이 되었는가
660,미국의 수도는
664,미국에서는 복음주의 기독교인들을 정치에 끌어들이기 위한 초교파적 사회운동을 무엇이라고 하나요
665,신석기 시대는 언제부터 시작되었나요
667,일본서기는 일본의 육국사(六國史)의 첫 번째에 해당하나요
668,인천 상륙 작전을 지휘한 사령관은 누구인가
669,단백질의 화학식은 무엇인가요
670,서태지와 아이들의 양현석이 갖고 있는 엔터테인먼트 회사는 무엇인가요
671,우즈베키스탄에서 사용되는 언어는 무엇인가
672,대통령 박정희는 언제 사망했나요
673,형태가 없고 정보가 담긴 재산은 무엇인가요
674,마틴 루터 킹은 언제 태어났나요
676,보헤미안의 어원은 무엇인가요
678,LGBT 운동의 목적은 무엇인가
680,자기장이 뿜어 나오는 모습을 형상화한 일련의 선을 무엇이라고 하나요
683,프랑스라는 이름은 어떤 땅을 의미하나요
685,"유대교, 기독교, 그리고 이슬람교의 교리에서는 전지전능한 유일신이 세계를 창조했다고 주장하나요"
686,원산시는 어느 도에 있는 도시인가
687,허블 망원경은 어느 기업에서 만들었는가
688,제2차 세계 대전은 언제 일어났나요
689,미국 남북 전쟁은 언제 발생했나요
694,홍콩의 면적은 얼마나 되나요
696,시리아의 수도는 무엇인가
699,핀란드의 공용어는 무엇인가요
703,코트니 러브의 두번째 앨범은 무엇인가요
704,점성술은 의사과학인가요
705,베트남의 수도는 어디인가요
706,브이 포 벤데타의 감독은 누구인가
707,1986년에는 구리-페롭스카이트(perovskite) 계 세라믹 물질에서 임계 온도가 90 K(켈빈)을 넘는 고온 초전도체가 발견 하나요
709,슬램덩크는 어느 나라의 만화인가
710,미얀마의 수도는 어디인가
711,가톨릭교회의 지도는 성품성사를 받은 성직자들이 맡고 있나요
712,클로저스는 어디에서 개발한 게임인가요
713,카롤루스 마르텔루스의 별칭 마리텔은 무슨 뜻인가요
715,콘라트 1세 사망일은 언제인가요
717,북청사자놀음은 국가무형문화재 제 몇 호인가요
721,헝가리의 수도는 어디인가요
722,롯데 야구팀의 초대 감독은 누구인가요
723,2차 세계대전은 몇 년도에 일어났는가
724,고조선은 언제 멸망했나요
726,이베리아 반도는 지금의 어디인가
727,제159대 교황은 누구인가요
729,빛의 속도는 얼마인가
730,이스라엘은 언제 영국으로부터 독립했나요
732,질적 연구의 목적은 무엇인가
734,포틀랜드는 장미의 도시라는 별명을 갖고있나요
735,간토 지방의 위치는 어디인가요
737,이슬람의 성경의 이름은 무엇인가
738,우주론적 데이터를 통해 무엇을 알아 낼수 있는가
739,발효 과정 중에 효모의 생육에 필요한 영향성분이 부족해 발효가 중간에 멈추거나 서서히 진행하는 현상은 무엇인가요
741,의학계에서는 어디에서 HIV가 유래된 것으로 보고 있나요
742,윤치호는 몇 년도에 사망했는가
743,프로이센-프랑스 전쟁은 얼마나 지속되었는가
744,대한민국의 초대 대통령은 누구인가
746,이탈리아의 대통령은 누구인가요
748,각종의 재화에 대한 사람의 지배 관계를 규율하는 사법은 무엇인가요
749,유럽에 포함된 나라는 총 몇개국인가
751,독일의 수도는 어디인가
753,칸은 언제 왕으로 즉위하였는가
756,일본서기는 일본에 존재하는 가장 오래된 정사인가요
757,발해는 언제 패망했나요
759,RNA는 무엇을 의미하는가
762,홍콩은 세계에서 몇번째로 큰 교역규모의 지역인가요
764,의자왕은 어느 나라의 왕이었는가
765,베드로는 어디서 출생되었나요
772,오일러의 방정식은 무엇인가
774,성공회는 자신의 정체성을 개혁하는 보편교회(Reforming Catholic Church)로 표현하나요
776,십자군은 중세 라틴 교회의 공인을 받은 종교전쟁인가요
778,캄브리아기는 언제 시작하나요
780,월드 와이드 웹(WWW)는 1989년 CERN의 팀 버너스 리가 만들었나요
782,요크타운 전투는 언제 끝나나요
783,하늘의 색은 확산 일사의 결과인가요
784,로버트 고든 멘지스 경 사망일은 언제인가요
785,대한민국의 대법원장은 어디의 동의를 얻어 임명 되나요
786,신라는 언제 삼국을 통일했는가
787,아이작뉴턴의 고향은 어디인가
788,이슬람은 알라 이외에 다른 신은 없다고 믿는 유일신 종교인가요
789,인도네시아의 주요 종교는 무엇인가
790,한글을 발명한 왕은 누구인가
791,오스트레일리아의 수도는 어디인가
792,요한 제바스티안 바흐의 고향은 어디인가요
793,내한민국 남북전쟁이 일어난 날은 몇월 며칠인가
794,독일이 통일한 년도는 언제인가
796,아일랜드의 수도는 어디인가요
797,광주 민주화 운동은 언제 일어났나요
799,누가 최초로 비행기를 발명했는가
801,이탈리아에서 가장 큰 교회는 무엇인가
802,플리머스 식민지는 어디를 뜻하는가
804,유럽에는 몇개의 나라가 있나요
805,지구의 반지름은 몇 키로미터인가
807,에이즈의 원인은 무엇인가
812,오페라 부파는 오페라 세리아와 대립되는 말인가요
813,재건된 2차 미림팀(94년 6월∼97년 11월)은 3년5개월 동안 매일 1건 꼴로 모두 1000여개의 도청 테이프를 만들었나요
814,인터넷이란 이름은 누가 정립했나요
815,물의 요소는 무엇인가
816,피감사인의 자유의사에 의하여 행해지는 감사를 뭐라고 하나요
821,북한의 수도는 어디인가
825,"무함마드 사후, 이슬람은 신도의 장로 중에서 교통(敎統)의 후계자인 칼리파를 선출하였나요"
826,율리우스 카이사르의 아버지는 누구인가요
828,"박피(debarking) – 조각만들기(chipping) – 스크리닝 – 펄핑(화학적, 기계적) 순으로 펄프를 만드나요"
831,애들레이드는 어떤 주의 도시인가요
832,달과 지구의 거리는 얼마인가
833,기요모리는 언제 죽었는가
835,조선은 언제 끝났는가
837,예수는 언제 사망했나요
839,부활절 봉기는 언제 끝나나요
843,미국은 원자력을 가지고 있는가
845,점성술은 무엇인가
847,인공적으로 섬유를 만들 수 있게 된 것은 언제부터인가요
849,한국의 최초 국영방송국은 무엇인가요
850,한국의 제 8대 대통령은 누구인가요
857,재즈는 아프리카계 미국인 특유의 음악성이 가미된 대중음악인가요
860,청나라는 지금의 어느 나라인가
861,중국은 언제 건국되었는가
864,신약성경은 총 몇권으로 구성되어 있나요
866,V838의 폭팔원인은 무엇인가
868,구약성서 창세기에서 아브라함은 노아의 몇대 손인가요
869,태양의 질량은 얼마인가
870,아이오와주의 주도는 어디인가요
874,아돌프 히틀러는 언제 사망했는가
875,부다페스트는 어느 나라의 도시인가
877,세상에서 가장 무거운 동물은 무엇인가
880,조선시대는 몇 년도에 끝났는가
882,제160대 교황은 누구인가요
888,축구는 어떤 나라에서 처음 시작 되었나요
890,베트남에서 가장 큰 도시는 어디인가
893,단종은 현덕왕후의 아들인가요
894,어떤 종류의 공룡이 날 수 있을까
895,한자는 갑골문자인가요
896,스코틀랜드에서 가장 큰 도시는 어디인가
898,제2차 세계 대전은 언제 시작되었는가
899,중국어는 성조어인가요
900,점성술의 목적은 무엇인가
902,비잔티움 제국은 언제 패망했나요
910,스페인 헌법에서는 국명을 에스파냐(España)로 표기하고 있나요
911,소리의 높낮이는 진동수에 의해서만 결정되나요
913,일본은 언제 한국으로 침략하였는가
914,박정희는 한국의 몇 대 대통령인가
916,한국의 군대는 국방부가 관리하나요
917,해리포터 시리즈의 첫 시리즈는 무엇인가
918,흑인 노예 제도는 언제 폐지 되었는가
920,태양계의 바깥쪽 지대는 거대한 가스 행성과 행성급 덩치를 지닌 위성이 존재하는 곳인가요
921,세상에서 가장 큰 거울은 무엇인가
922,시간에서 1분은 몇초인가요
923,고구려는 언제 멸망했는가
924,척추동물의 두뇌 진화는 대뇌를 포함한 전뇌의 부피증가가 특징적인가요
925,아이슬란드의 수도는 어디인가
929,미시간주 주도는 어디인가요
933,광주의 별칭은 무엇인가요
936,워싱턴 D.C는 언제 수도가 되었는가
938,최초로 전기가 근육을 활성화시킬 수 있다는 증거를 제시한 사람은 누구인가요
939,온도의 국제 단위는 켈빈(K)인가요
940,케네디는 언제 암살을 당했는가
942,칸은 언제 사망하였는가
943,스스로의 거짓말을 진짜로 믿어버리는 증후군은 무엇인가
944,로마의 총대주교는 누구인가요
952,제 2차 세계대전은 언제 끝나나요
955,돼지의 임신기간은 몇일인가요
957,석가모니에서 모니의 뜻은 무엇인가요
960,지구 대기권은 다섯 층으로 나누나요
963,확률이 낮을수록 어떤 정보일지는 불확실하게 될 때 엔트로피가 높다고 표현하나요
964,대한민국 14대 대통령은 누구인가
965,수도권 전철 1호선 종점은 어디인가요
966,외계 행성을 발견했다는 주장은 19세기부터 있었나요
969,LG의 설립년도는 언제인가
971,난민의 지위에 관한 협약(Convention Relating to the Status of Refugees)은 국제사회에 널리 적용되고 있는 난민에 대한 다자 조약인가요
972,제2차 고구려-당전쟁은 언제 일어났나요
974,일본에는 몇개의 프로 야구단이 있나요
975,톰과 제리의 첫 방영은 몇 년도인가
976,Java 발표년도는 언제인가요
978,부산의 연평균 강수량은 어떻게 되나요
979,디젤 기관을 발명한 사람은 누구인가요
980,토마시 로시츠키의 출생일은 언제인가요
983,은하수가 많은 별들로 이루어져 있다는 사실은 누구에 의해 처음 밝혀졌나요
985,합성생물학에서 여러 물질들이 섞여있는 것으로부터 순수한 물질을 추출하거나 다양한 용도로 물질을 만들어 내는 정유사의 석유정제와 유사한 방법으로 바이오매스(Biomass)를 처리하는 개념은 무엇인가요
986,구조 미치타카는 후지와라 씨의 지파 구조 가문인가요
990,폴란드의 수도는 어디인가
991,인도네시아는 어떤 제도에 속하나요
992,대한민국에서 청소년의 기준은 만 몇살 까지인가
993,불교에서 의지(意志)는 심조작성(心造作性)의 성질 즉 사(思)의 마음작용을 가리키나요
996,노틀담의 꼽추 영화를 제작한 감독은 누구인가요
998,오산학교는 언제 세워졌나요
1000,구약성경의 명칭은 옛 약속이란 의미인가요
1001,역사상 가장 컸던 해전은 무엇인가
1004,미국에는 몇 개의 주가 있는가
1006,게이타이 천황의 부친은 누구인가요
1007,1987년 미국 대통령은 누구인가요
1013,가이우스 율리우스 카이사르는 언제 태어났나요
1014,세계 최초의 모터사이클은 누가 만들었나요
1015,무중량상태(無重量狀態)는 만유 인력과 원심력 등의 관성력이 서로 상쇄되어 그 합력이 0 내지 0으로 간주 될 수 있는 정도로 작아지고 있는 상태를 말하나요
1016,오렌지 주스에 들어있는 비타민은 무엇인가
1017,대한민국의 임시정부는 언제 세워졌는가
1018,자외선의 파장은
1023,세계 여성의 날은 언제인가
1024,스웨덴에 시구르드는 이름이 새겨진 암각화가 있나요
1025,메갈리아는 어느 나라의 사이트인가
1026,이슬람을 믿는 남자 신자를 뭐라고 부르나요
1027,한국에서 가장 큰 도시는 무엇인가
1030,회계연도 중에 계속적으로 실시하는 감사를 뭐라고 하나요
1031,대한독립운동은 몇 년도에 시작되었는가
1032,소류 아스카 랑그레이 출생일은 언제인가요
1034,2019년 미국의 대통령은 누구인가
1035,DNA를 처음 발견한 사람은 누구인가요
1038,대한민국의 제 18대 대통령은 누구인가요
1045,페르시아의 수도는 어디인가
1046,그리스는 유럽 어디에 위치해 있나요
1047,2009년 월드 시리즈 우승팀은 누구인가요
1049,제 2차 세계대전의 승전국은 누구인가
1050,전화기를 최초로 발명한 사람은 누구인가
1053,제2차 세계 대전은 언제 종식 되었는가
1054,"1914년 4월 1일 개성군, 풍덕군을 통폐합하여 개성군을 설치하였나요"
1056,지진이 일어난 장소를 무엇이라 하나요
1057,히틀러의 사망  원인은 무엇인가
1060,미토콘드리아는 인지질 2중층으로 이루어진 내막과 외막을 가지고 있나요
1061,소프트웨어 공학에서 프론트 엔드와 백엔드라는 용어는 소프트웨어의 presentation layer (프론트 엔드)과 data access layer (백엔드) 또는 물리구조 또는 하드웨어 사이의 관심사를 분리하는 것을 의미하나요
1063,독일은 언제 통일을 이루었나요
1064,경상감영은 사적 제  몇 호인가요
1069,중국의 건국자는 누구인가
1072,고래 중 가장 큰 개체는 무엇인가
1073,바빌론의 공중 정원은 고대 세계 7대 불가사의 중의 하나인가요
1074,한국의 박정희 대통령은 무엇에 의해 죽게 되었나요
1077,페니실린이 발견된 해는 언제인가
1079,백인들이 처음 아이오와 지방을 본 때는 언제인가요
1083,불교 창시자는 누구인가요
1084,막시밀리앙 프랑수아 마리 이지도르 드 로베스피에르 사망일은 언젠가요
1087,공작자리 학명은 무엇인가요
1089,지구는 달과 얼마나 떨어져있는가
1090,미합중국은 언제 독립하였는가
1091,발효는 분자에서 에너지를 추출하는 방법으로 모든 세균과 진핵생물에서 유일하게 공통적인 대사 방식인가요
1093,지구에서 가장 높은 곳은 어디인가
1096,에어 인디아 182편 기종은 무엇인가요
1097,세상에서 가장 많은 발명품을 발명한 사람은 누구인가
1098,인도네시아는 총 몇 개의 섬으로 이루어져 있나요
1099,커피 벨트는 커피나무를 재배할 수 있는 위도 범위를 뜻하나요
1102,프랑스 제 1대 황제는 누구인가요
1103,파리에서 가장 높은 건물은 무엇인가
1104,북한의 수도는 어디인가요
1105,독일의 인구는 얼마인가
1107,미분이란
1109,대수학의 의미는 무엇인가
1111,파리에서 제일 높은 건물은 무엇인가요
1113,석가모니에서 석가의 뜻은 무엇인가요
1115,인도네시아에는 총 몇개의 섬이 있나요
1116,네이버의 본사는 어디있나요
1117,고대 이집트 문명은  나일 강 하류에서 번성한 문명인가요
1119,십자군 전쟁이 일어난 때는 언제인가
1120,창세기는  타나크의 율법서 토라의 첫 번째 권인가요
1122,계보학은 가계도를 연구하는 학문인가요
1123,일본의 올림픽은 언제 열리나요
1124,FBI가 조직된 해는 언제인가
1128,덴마크는 입헌 군주국인가요
1132,베를린 장벽은 몇 년도에 세워졌는가
1133,한글을 만든 사람은 누구인가요
1134,스마트폰이 개발된 해는 언제인가
1137,프랑크 왕국의 클로비스1 세는 언제 즉위했나요
1143,은하수가 많은 별들로 이루어져 있다는 사실은 언제 발견 되었나요
1145,미스터 션샤인은 언제 방영을 시작했는가
1146,오쇼가쓰(正月)란 원래 도시가미사마(歳神様)라고 하는 그 해의 풍작을 관장하는 신을 맞이하는 행사인가요
1147,유럽 연합 초기의 6개국은 무엇인가
1148,구리의 원자 번호는
1152,순치제는 청 제국 몇 대 황제인가요
1156,이슬람은 어떤 사람을 예언자로 보는 종교인가요
1159,위석(Gastrolith)은 위를 뜻하는 그리스어 가스트로(gastro)와 돌을 뜻하는 그리스어 리토스(lithos)를 조합한 단어인가요
1160,모차르트의 아내 이름은 무엇인가요
1161,첫 올림픽은 어디에서 열렸나요
1162,RS 명명법은 글리세르알데하이드와 같이 기준 분자가 없는 거울상 이성질체를 나타내는 데 주요하게 사용되는 명명법인가요
1169,로마 가톨릭 전례는 무엇인가
1178,카라칼 학명은 무엇인가요
1180,황건의 난을 일으킨 사람은 누구인가
1181,윌버 라이트 언제 사망하나요
1182,달은 지구에서 몇 키로 떨어져있는가
1184,한국 전쟁은 언제 끝나나요
1185,도미니카 공화국의 수도는 어디인가
1188,중화인민공화국 최대 도시는 어디인가요
1189,리투아니아는 발트 3국 가운데 가장 영토가 넓나요
1191,누가 축전지를 발명했는가
1194,도르트문트는 어느 나라의 도시인가
1196,솅겐 조약의 내용은 무엇인가
1198,전하란 무엇인가
1201,한국은 핵무기를 가지고 있는가
1204,조지아의 현재 위치는 어디인가
1205,미국의 자유의 여신상은 어디에 위치해 있나요
1207,대한민국의 임시정부는 어디에 세워졌나요
1208,독일 히틀러의 고향은 어디인가요
1210,한국의 대통령 임기 기간은 몇년인가요
1214,허블 망원경이 지구 궤도로 발사된 때는 언제인가요
1216,태양계에서 가장 큰 항성은 무엇인가
1218,대뇌는 감각과 수의 운동의 중추인가요
1219,불교가 시작된 나라는 어디인가
1220,질적연구방법론이란 무엇인가
1221,나폴리는 어느 나라의 도시인가
1222,베트남에서 가장 큰 도시는 무엇인가
1225,일본은 언제 진주만 공격을 시작했나요
1226,베네수엘라의 수도는 어디인가
1229,싱가포르의 독립 기념일은 언제인가요
1230,모스크바는 어느 나라의 도시인가
1231,대한민국의 IMF가 끝난 년도는 언제인가
1232,임진왜란은 언제 끝났는가
1233,스케티스 계곡의 수도원들은 중세 시대에 나타나게 되었던 듯한 대규모의 중앙집권화된 공동체들인가요
1234,올림포스의 12신은 누구인가
1235,러시아의 수도는 어디인가요
1236,마이크로소프트를 만든 사람은 누구인가
1239,미국 독립 기념일은 언제인가요
1241,독일의 프랑스 침공은 성공하였는가
1242,고구려의 초대 왕은 누구인가요
1244,카라의 데뷔곡은 무엇인가
1245,마틴루터의 종교는 무엇인가
1246,CBS의 설립 연도는 언제인가요
1247,신라는 언제 통일을 했는가
1250,일본의 최초 천황은 누구인가
1251,최후의 만찬을 그린 화가는 누구인가
1253,병리학이란 무엇인가
1254,일제강점기는 몇 년도에 시작되었는가
1255,해병대 통역장교는 기수별로 몇명인가요
1257,2차 세계대전은 언제 시작되었는가
1258,미국은 핵무기를 가지고 있는가
1260,고려는 왜 멸망하였는가
1261,윌리엄 하워드 태프트는 미국의 몇번째 대통령인가요
1263,러시아의 수도는 어디인가
1264,필리핀의 수도는 어디인가
1265,대한민국의 대법원장은 누가 임명 하나요
1267,디젤 기관은 실린더 안에 공기를 압축해서 온도를 높인 후 연료를 실린더 안에 분출하면서 스스로 점화되도록 하는 장치인가요
1268,트럼프가 미국의 지도자가 된 년도는 언제인가
1269,아미노산 화학식은 무엇인가요
1270,태양계에서 가장 큰 위성은 무엇인가
1274,무한급수란
1275,에도막부 시대는 언제 시작되었나요
1278,대한민국 헌법은 언제 만들어졌나요
1279,영국의 몇개의 나라로 구성되어 있는가
1280,프리드리히 2세의 모친은 누구인가요
1281,우라늄의 원소 기호는 무엇인가
1282,서초구 행정동은 몇개인가요
1283,포르투갈은 유럽 어디에 위치한 나라인가요
1285,한 숙종의 재위 기간은 몇년인가요
1286,사이버 먼데이란 용어를 처음 사용한 기업은 어디인가
1287,태양의 지름은 몇 km인가
1288,히틀러는 언제 자살했는가
1290,태풍은 최대 풍속 몇 이상의 현상을 말하나요
1291,아일랜드는 언제 영국으로터 독립했나요
1292,한강은 한국에 어디에 위치해 있나요
1294,말초신경계란
1295,유비는 언제 촉한을 건국했는가
1296,대한독립은 언제 이루어졌는가
1297,엘리자베스 1세의 본명은 무엇인가요
1298,이황의 생일은 언제인가요
1300,손빈은 손무의 5대 손인가요
1302,마르크스-레닌주의에서는 개인의 독재가 아니라 계급의 독재를 말하며 직접 폭력에 입각하여 아무런 법률의 구속을 받지 않는 권력(레닌)이라고 규정하고 있나요
1303,한국에 원자력 발전소는 몇개인가요
1305,필립 프랜시스 리주토 생일은 언제인가요
1307,적색편이는 물체가 내는 빛의 파장이 늘어나 보이는 현상인가요
1309,항성은 무엇인가
1310,세포막은 인지질 이중층이라는 두 겹의 인지질로 구성되어 있나요
1311,베트남 전쟁은 언제 종식되었는가
1312,에어뉴질랜드 설립일은 언제인가요
1313,근육에 자극을 가하면 먼저 근섬유 막에 흥분이 생기나요
1315,6.25전쟁은 몇 년도에 일어났는가
1318,대한민국에서 제일 높은 건물은 무엇인가요
1319,터키의 국교는 무엇인가
1320,타이타닉 호의 생존자는 몇명인가
1321,"세포의 영어 낱말 cell(셀)은 작은 방을 의미하는 라틴어의 ""켈라(cella)""에서 유래하였나요"
1322,버섯은 곰팡이인가
1323,빛은 1초에 지구를 몇 바퀴 돌 수 있는가
1324,바시키르 항공 2937편의 출발지는 어디인가요
1325,황사는 어디에서 시작되는가
1326,아우구스투스의 뜻은 무엇인가
1327,인도차이나는 어디인가
1328,채권관계에서 채무를 지는 사람을 무엇이라 하나요
1329,김일성 사망일은 언젠가요
1334,명성황후는 몇 년도에 시해당했는가
1337,칸트는 어느 나라 사람인가
1338,수돗물의 원료가 되는 물이 있는 곳은 무엇인가요
1339,누가 처음으로 경기의 순환 형상을 발견하였나요
1341,강증산은 무엇인가
1342,이황의 출생일은 언제인가요
1343,일본에는 몇 개의 섬이 있나요
1345,파나소닉 회사의 설립일은 언제인가요
1346,르네상스 시기는 언제 시작되었는가
1348,유엔국제기구는 언제 설립되었는가
1349,제3궤조 방식은 전기 철도의 역사에서 내장 축전지 다음으로 가장 오래된 급전 방식인가요
1350,러시아에서 가장 추운 도시는 어디인가
1351,앨버타주에서 캐나다 오일샌드 생산의 중심지 도시는 어디인가요
1352,자기장이란 무엇인가
1353,일제강점기는 언제부터 시작되었는가
1355,제 2차 세계대전은 언제 발발하나요
1358,대한민국은 언제 일본에서 독립했나요
1359,멕시코의 수도는 어디인가
1360,도요토미 히데요시의 누나는 누구인가요
1361,베니스는 어느 나라의 도시인가
1362,일본은 양원제를 채택하고 있나요
1364,용의 목 밑에는 한 장의 커다란 비늘을 중심으로 하여 반대 방향으로 나 있는 49장의 비늘이 있나요
1365,PSI는 대량살상무기(WMD)가 확산되는 것을 막기 위해 미국 주도로 발족된 일종의 국제 협력체제를 말하나요
1366,아랍 연맹에는 몇 개의 나라가 있는가
1367,조지아 국가의 수도는 어디인가요
1369,세종대왕은 몇 년도에 한글을 창제했는가
1372,소련의 초대 대통령은 누구인가
1373,기억력을 담당하는 뇌는 무엇인가
1375,고대 그리스는 언제부터 시작된 시대를 말하나요
1376,알렉산드르 2세 출생지는 러시아 어디인가요
1377,그리스의 자유의 찬가는 국가인가요
1380,닌텐도의 회사 설립 연도는 언제인가요
1381,인도의 수도는 어디인가요
1382,조선은 언제 일본의 통치를 받았는가
1383,장기영의 학력은
1385,"기업결합은 그것이 시장에서의 경쟁에 미치는 효과를 기준으로 수평기업결합, 수직기업결합, 혼합기업결합으로 구분할 수 있다. 독점규제법 상의 「기업결합심사기준」은 기업결합을 이와 같이 세 가지 유형으로 구분하여 경쟁제한성을 판단하나요"
1386,일본의 현재 천황은 누구인가요
1389,사회주의는 기존의 민주주의나 자본주의에 비해 훨씬 진보된 체제(ex 민주사회주의 또는 사회민주주의)를 의미하나요
1394,태조의 출생년도는 언제인가요
1397,운하는 무엇인가
1398,영재 이건창은 언제 태어났나요
1401,인터넷이란 이름은 누가 처음으로 명명했나요
1403,"그래핀의 결정 구조는, 한 꼭짓점에 세 개의 결합이 붙는 원자 구조(sp2 결합)에 의해 육각형 형태의 연결이 2차원 방향으로 뻗어나간 모양을 하나요"
1404,일본에서는 사형제도가 시행되고 있는가
1410,베를린 장벽은 언제 세워졌는가
1411,한국 전쟁은 언제 시작되었는가
1412,로마 제국 첫 황제는 누구인가
1414,신성로마제국 시기에 이탈리아 왕국의 왕은 누구인가
1416,콜롬비아의 수도는 어디인가
1417,아이폰이 한국에 처음 판매된 때는 언제인가
1418,지구의 나이는 몇살인가
1420,지리산의 높이는 몇 미터인가
1421,모든 생물은 세포로 구성되어 있나요
1422,니키타 세르게예비치 흐루쇼프 사망일은 언제인가요
1425,인류 역사상 가장 먼저 달에 간 사람은 누구인가
1426,인권은 법이 있는가
1427,광주 민주화운동은 언제 일어났는가
1428,겨울 전쟁은 언제 일어났나요
1430,공기는 지구를 둘러싼 기체인가요
1432,DNA의 의미는 무엇인가
1433,미국 독립기념일은 언제인가
1434,요제프 하이든은 누구인가
1438,한국의 전기위원회 설립일은 언제인가요
1443,닥터 후 방송 시즌은 몇 시즌인가요
1444,에티오피아의 위치는 어디인가
1445,프리드리히 2세는 신성 로마 제국의 황제인가요
1446,여성 성기 절제는 왜 하는가
1447,전화기를 처음 개발한 사람은 누구인가
1448,미국은 언제 독립했는가
1449,데카르트는 어떤 이론을 주장하였나요
1451,의학계에서는 HIV의 출현시기를 언제로 보고 있나요
1453,이순신 장군의 고향은 어디인가
1454,태국의 면적은 얼마나 되나요
1455,드라마 도깨비는 몇 년도에 시작했는가
1457,날 수 있는 새의 뼈 구조는 무엇인가
1458,현재 교황은 몇대 교황인가요
1459,베트남은 사회주의인가요
1462,원자력 발전소의 원료는 무엇인가요
1465,성리학을 주자학이라고도 하나요
1466,조몬 시대는 언제 시작되었는가
1468,1865년 일본 천황은 누구인가요
1469,두바이에서 가장 높은 건물은 무엇인가
1470,제일 처음 스마트폰을 출시한 회사는 어디인가
1471,그리스 신화 제우스의 아버지는 누구인가요
1473,나치는 몇 년도에 조직되었는가
1474,지구에서 태양까지의 거리는 얼마나 되나요
1475,신라의 마지막 왕은 누구인가요
1477,일본은 언제 항복 선언을 하였는가
1480,로마에서 가장 큰 성당은 무엇인가
1481,예수는 몇 년도에 태어났는가
1483,BBC 드라마 셜록에서 홈즈 역할을 연기한 주인공 이름은 무엇인가요
1484,브릿 어워드는 영국음반산업협회에서 음반 분야의 탁월한 업적에 대해 수여하는 상인가요
1485,미림(美林)팀은 1960년대 중반 중앙정보부가 정치인 등 주요 인사들의 동향 파악을 위해 운영하던 정보 수집팀의 별칭으로 미림이라는 팀명은 고급 술집의 마담 등을 협조자(속칭 망원)로 활용한 데서 비롯됐나요
1487,용인시의 면적은 얼마나 되나요
1493,바빌론은 고대 메소포타미아에 있는 고대 도시인가요
1494,캐나다에서 가장 큰 호수는 무엇인가
1499,애플의 창립자는 누구인가
1501,시카고 컵스 연고지는 어디인가요
1502,미국 남북전쟁은 언제 발발하나요
1503,라이베리아의 수도는 어디인가요
1505,감정표현규칙은 특히 감정노동이 수반되는 서비스 직종에서 중요한 개념인가요
1510,한국의 지도는 누가 처음 만들었나요
1512,지온 공국은 건담 시리즈에 등장하는 가공의 국가인가요
1513,1924년 미국 대통령은 누구인가요
1516,대한민국 제 5대 대통령은 누구인가요
1517,베토벤은 언제 태어났나요
1519,윤동주는 몇 년도에 사망했는가
1521,티타노케라톱스 모식종은 누구인가요
1522,고려를 건국한 사람은 누구인가
1524,북한의 2018년 최고 지도자는 누구인가요
1526,혈소판의 역할은 무엇인가
1528,사다하루가 중화민국 국적을 가진 이유가 무엇인가
1529,조선의 마지막 왕은 누구였나
1531,르네상스는 유럽 어느시대에 일어난 운동인가
1533,MTV가 첫 방송을 실시할 당시 HBO에서도 Video Jukebox라는 30분짜리 뮤직비디오 프로그램을 방영한 바 있나요
1534,"온타리오주는 캐나다의 정치, 경제의 핵심을 이루는 주인가요"
1535,엔트로피는 평균 정보량을 의미하나요
1537,"자연주의는 가설을 세우고, 예측하고, 실험하고, 그 과정을 다시 반복하는 식의 과학적 방법만이, 진실을 규명하는 효율적인 방식이라는 관점인가요"
1538,미국의 할로윈 데이 날짜는 언제인가요
1541,구스타프 말러 사망일은 언제인가요
1543,최초로 효소라는 용어를 사용한 사람은 누구인가요
1547,애덤스는 몇년도에 대통령으로 당선되었는가
1550,신진대사란 무엇인가
1552,반사회적 인격장애는 무엇인가
1554,종교에서 종은 무엇을 뜻하나요
1555,천체를 포함한 우주 전체를 코스모스로 처음 지칭한 사람은 누구인가요
1556,말레이시아에서 가장 큰 꽃은
1559,거울상 이성질체는 편광면을 회전시키는 방향에 따라 구분지을 수도 있나요
1561,아우토슈타트는 폭스바겐 자동차의 생산 단계를 기록하고 2000년에 개최될 독일 하노버 엑스포에서 회사의 공정을 소개하기 위한 컨셉으로 1994년 처음 고안되었나요
1562,유교는 어느 나라에서 유래되었는가
1565,토종벌낭충봉아부패병의 원인 바이러스는 한국형 낭충봉아부패병 바이러스인가요
1566,코일 형태의 용수철은 15세기에 나타났나요
1567,미나모토노 요시쓰네의 사망일은 언제인가요
1568,한국은 단일 민족 국가인가
1569,인천 상륙작전은 언제 펼쳐졌나
1570,도요토미는 언제 임진왜란을 일으켰는가
1571,청 제국은 언제 멸망했는가
1573,베를린은 어느 나라 도시인가
1574,히틀러는 언제 결혼했는가
1576,전 세계적으로 생리학에 크게 기여한 공로가 있는 사람에게는 스웨덴 왕립과학 아카데미에서 1901년부터 매년 노벨 생리학상을 수상하고 있나요
1577,호주 원주민은 누구인가
1580,일본은 몇개의 섬으로 이루어져있나요
1581,전태일의 고향은 어디인가
1583,지구에서 달까지의 거리는 얼마나되나요
1586,고추를 처음 재배한 나라는 어디인가요
1590,한국어를 만든 사람은 누구인가요
1592,뉴런은 어디를 구성하는 세포인가요
1595,부여는 언제 건국 되었나요
1596,임진왜란이 일어난 년도는 언제인가
1597,오행이라는 것은 목·화·토·금·수의 오원소를 말하나요
